CO_GRUPO;NOME_CURSO;CO_CURSO
26;Design;2019, 2450, 4958, 5492, 7914, 9820, 11447, 13319, 13447, 16534, 16990, 17943, 20037, 20596, 24232, 26414, 26978, 28299, 30488, 34992, 35407, 39502, 39663, 44883, 48017, 50183, 50306, 50872, 51987, 58184, 59131, 59132, 64124, 64650, 66326, 66328, 66641, 72573, 72840, 73896, 79937, 80088, 83866, 84015, 86896, 87004, 90027, 90703, 92117, 95145, 95717, 95914, 96429, 96885, 100614, 101127, 101330, 101331, 101909, 102667, 102935, 104316, 107306, 107308, 107352, 110318, 112502, 115246, 116526, 116758, 116832, 116842, 118494, 118983, 121496, 123161, 150161, 1054087, 1105331, 1107563, 1107981, 1108064, 1116231, 1121738, 1139972, 1149328, 1152810, 1153949, 1166898, 1167971, 1203328, 1206201, 1259274, 1279085, 1288003, 1288685, 1304122, 1327343, 1330218, 1330710, 1330730, 1365725, 1376279, 1399304, 1419790, 1419875, 1419969, 1420115, 1420136, 1438181, 1438642, 1445502, 1474132
72;Tecnologia em Análise e Desenvolvimento de Sistemas;6668, 9470, 17266, 17307, 17380, 17530, 18277, 18606, 19607, 19849, 20525, 21071, 37295, 41278, 42461, 47798, 47972, 47976, 48231, 48271, 48895, 49979, 51864, 52007, 55542, 56158, 58360, 58741, 60006, 60168, 62638, 62742, 64734, 65955, 68029, 69212, 69318, 70051, 70274, 70771, 71514, 71891, 72017, 72981, 74340, 74416, 74564, 74677, 75347, 75359, 79430, 79537, 80437, 80542, 80892, 81328, 82788, 83252, 83436, 83702, 84866, 85616, 85822, 85973, 86782, 86792, 87148, 87330, 88728, 89002, 89878, 90237, 90651, 91909, 92834, 95104, 95613, 96249, 96819, 96841, 96934, 96938, 96981, 97239, 97313, 97315, 97739, 97785, 98361, 98373, 99934, 99954, 100244, 100266, 100716, 101190, 101362, 101418, 102198, 102700, 102770, 103114, 103209, 103257, 103259, 103549, 105076, 105108, 105302, 105644, 107398, 107462, 107836, 109638, 109796, 110144, 110486, 110508, 111090, 112056, 112134, 112292, 112322, 112526, 112630, 112826, 112984, 113126, 113469, 113521, 113829, 114097, 114178, 114568, 115142, 115664, 115692, 115904, 116110, 116390, 116590, 116900, 117454, 118168, 118520, 118966, 120172, 120446, 120976, 121131, 121153, 121824, 121940, 122124, 122150, 123523, 123526, 123530, 123537, 123539, 123541, 123545, 123549, 123677, 123850, 150129, 150138, 1001938, 1036337, 1039284, 1053121, 1055551, 1058492, 1071167, 1073316, 1073542, 1076195, 1085586, 1100858, 1101541, 1103633, 1103759, 1103832, 1106470, 1106554, 1109043, 1110366, 1111971, 1112467, 1118107, 1119473, 1121217, 1121456, 1122749, 1127035, 1128230, 1128356, 1128377, 1130274, 1131840, 1132259, 1134422, 1134850, 1135007, 1137739, 1137926, 1142424, 1143464, 1144540, 1144777, 1146536, 1149689, 1149897, 1150259, 1150279, 1150302, 1150328, 1150438, 1150467, 1151449, 1151687, 1151692, 1152201, 1153085, 1153739, 1153833, 1153960, 1153961, 1155933, 1156021, 1156617, 1156711, 1158385, 1159447, 1160224, 1160946, 1160973, 1161613, 1163800, 1164214, 1166010, 1166126, 1166239, 1166436, 1166498, 1166614, 1166992, 1167044, 1168052, 1168085, 1168576, 1168577, 1169549, 1170053, 1172346, 1175920, 1177465, 1177484, 1179083, 1180251, 1180600, 1180605, 1180836, 1181037, 1181336, 1183332, 1183690, 1185395, 1186003, 1186571, 1186931, 1187399, 1187614, 1188129, 1188193, 1188348, 1188375, 1188377, 1188550, 1188850, 1189812, 1190154, 1190173, 1190854, 1191569, 1191654, 1193457, 1194058, 1199657, 1204010, 1204357, 1204536, 1204585, 1204643, 1204842, 1205024, 1205876, 1206001, 1207269, 1209155, 1210130, 1210193, 1214120, 1214442, 1215132, 1258369, 1258538, 1258651, 1258759, 1258844, 1258848, 1259052, 1259097, 1259867, 1260286, 1260313, 1260462, 1261310, 1261609, 1261671, 1264046, 1265420, 1265877, 1266797, 1268162, 1268163, 1268536, 1269976, 1270621, 1270730, 1279547, 1279732, 1279743, 1279855, 1283122, 1283780, 1284622, 1285254, 1285323, 1285545, 1285574, 1286800, 1288133, 1295073, 1295581, 1298977, 1299197, 1299253, 1299624, 1300041, 1300509, 1303367, 1303431, 1303596, 1303985, 1304108, 1304680, 1304924, 1308132, 1308555, 1313181, 1313182, 1313184, 1313188, 1313263, 1313301, 1313397, 1313944, 1314413, 1315315, 1315343, 1315421, 1315430, 1315463, 1315664, 1321335, 1321639, 1322001, 1322444, 1322633, 1323837, 1330095, 1330186, 1330719, 1331580, 1332134, 1332666, 1332807, 1332852, 1333186, 1333909, 1337241, 1341342, 1342409, 1342612, 1342766, 1348195, 1349715, 1363832, 1364108, 1364335, 1364338, 1364620, 1364692, 1365706, 1367175, 1368761, 1370858, 1382749, 1382777, 1382884, 1385021, 1386426, 1387219, 1388299, 1398063, 1399133, 1402587, 1403893, 1404236, 1404804, 1404853, 1404990, 1405229, 1405546, 1405789, 1405879, 1412816, 1415487, 1417706, 1419631, 1419853, 1419856, 1419884, 1420095, 1420173, 1420298, 1420573, 1420636, 1420648, 1421942, 1427316, 1427491, 1427577, 1427594, 1429880, 1429915, 1430245, 1431648, 1431918, 1438274, 1439492, 1441079, 1441192, 1441732, 1442103, 1442827, 1442970, 1443339, 1443889, 1445252, 1445616, 1445834, 1452642, 1452646, 1454054, 1454213, 1455073, 1455076, 1455353, 1457226, 1457365, 1457379, 1457402, 1457452, 1457530, 1457630, 1458085, 1458188, 1458241, 1465650, 1465678, 1468653, 1473201, 1473647, 1474033, 1479802, 1481775, 1483992, 1484075, 1484595, 1485428, 1486168, 1486663, 1487294, 1487435, 1487493, 1487590, 1491649, 1496478, 1497553, 1503444, 1514068, 1514555, 1514633, 1516685, 1520497, 1521177, 1521874, 1521879, 1521925, 1522383, 1525885, 1526359, 5000008, 5000448, 5000456, 5000457, 5000884, 5001091, 5001153, 5001172, 5001211, 5001252, 5001383, 5001409, 5001459, 5001487
79;Tecnologia em Redes de Computadores;49451, 55569, 56764, 56820, 57066, 57134, 58080, 58391, 59333, 60314, 65565, 65675, 65740, 68491, 68845, 69891, 70036, 71315, 72051, 72057, 72070, 72088, 72165, 72225, 72285, 72477, 72485, 72487, 72577, 72579, 72983, 73622, 74406, 75412, 75510, 75917, 76951, 79669, 80890, 80910, 82786, 83182, 88574, 90361, 91333, 97057, 99631, 99765, 99894, 100246, 102210, 102254, 103284, 105286, 105762, 108230, 109662, 110646, 112026, 112982, 113328, 114401, 119174, 119946, 119970, 120682, 121614, 123675, 1043986, 1058242, 1058390, 1071538, 1080040, 1102924, 1104245, 1106267, 1110052, 1116854, 1117071, 1120063, 1126033, 1127191, 1128034, 1134540, 1136481, 1149495, 1149804, 1150486, 1151555, 1168520, 1173418, 1175535, 1177589, 1179354, 1188620, 1190175, 1190615, 1191424, 1204870, 1205602, 1258074, 1259379, 1279533, 1284470, 1285124, 1300214, 1300474, 1315446, 1322828, 1323573, 1332104, 1342459, 1342973, 1366326, 1377572, 1379273, 1382607, 1385516, 1399131, 1404021, 1404620, 1419849, 1427624, 1427632, 1427749, 1438428, 1441194, 1442603, 1445848, 1457392, 1457542, 1457873, 1465651, 1465702, 1483595, 1483661, 1483734, 1483858, 1496477, 1497559, 1513690, 1520145, 1524390, 1533281, 5000141, 5001296
702;Matemática (Licenciatura);26, 34, 161, 297, 379, 624, 637, 696, 768, 860, 965, 1035, 1112, 1428, 1637, 1717, 1907, 2711, 3145, 3163, 3179, 3217, 3407, 3571, 3615, 3675, 5226, 6754, 7081, 7652, 8262, 8790, 8817, 8908, 9727, 10508, 10811, 11163, 11305, 11328, 11439, 11540, 11591, 11999, 12033, 12035, 12037, 12044, 12074, 12354, 12553, 12702, 12713, 12806, 12918, 12969, 13102, 13276, 13402, 13448, 13619, 13741, 13873, 14121, 14233, 14328, 14505, 14542, 15000, 15352, 15413, 15629, 15709, 15833, 15862, 15865, 15868, 16009, 16010, 16268, 16272, 16403, 17154, 17196, 18354, 18382, 18877, 18892, 18954, 18959, 18961, 18969, 19026, 19077, 19367, 20315, 20392, 20578, 20854, 21105, 21275, 21443, 21578, 21808, 21822, 21843, 21869, 21876, 21879, 21884, 21892, 21897, 27608, 29447, 33294, 38246, 38431, 38678, 39292, 39715, 41069, 41490, 41766, 42571, 43037, 43084, 44372, 45102, 45701, 45703, 46230, 46729, 47059, 47333, 48181, 48289, 48946, 49324, 49553, 50439, 52068, 52139, 52442, 54762, 55811, 58522, 58526, 58588, 59272, 59426, 59802, 59996, 60290, 60760, 61024, 61669, 63062, 63383, 64604, 66505, 68313, 68511, 69579, 70522, 71037, 71419, 73109, 74238, 74276, 74288, 75594, 76212, 80827, 81423, 81660, 81812, 82651, 82658, 83289, 83302, 83312, 83318, 83330, 83929, 84374, 85320, 85760, 86396, 88586, 88788, 91837, 92391, 92915, 94692, 95055, 95221, 96158, 96481, 96913, 96955, 97617, 98558, 98567, 99045, 99460, 99503, 99778, 99806, 99898, 99952, 100309, 100373, 100412, 100620, 100690, 100724, 100775, 100808, 100916, 101556, 102152, 102430, 102576, 102588, 102944, 103381, 103572, 104282, 104400, 104516, 104814, 106404, 107026, 107520, 107621, 108012, 108730, 108734, 109356, 109768, 109948, 111506, 111982, 113030, 113295, 113490, 113589, 113907, 113953, 114388, 114556, 114853, 115086, 116144, 116730, 116820, 116856, 116882, 117052, 117196, 117661, 118100, 118564, 120389, 120767, 121013, 121519, 121792, 122122, 122358, 122746, 123356, 123472, 123494, 123519, 123639, 123787, 300520, 312333, 1074417, 1086317, 1101770, 1102402, 1102641, 1102795, 1102963, 1103025, 1103031, 1103032, 1103185, 1103461, 1103556, 1103657, 1103813, 1103910, 1103911, 1103912, 1103914, 1105218, 1106721, 1108212, 1111510, 1113975, 1117203, 1122743, 1123270, 1126144, 1127113, 1127676, 1128030, 1128096, 1128169, 1128360, 1128375, 1128378, 1128936, 1128938, 1129073, 1131697, 1137846, 1139335, 1140021, 1142320, 1147173, 1151457, 1152312, 1152591, 1152637, 1152880, 1153298, 1153801, 1154825, 1155366, 1156565, 1156623, 1160182, 1160424, 1160481, 1160830, 1160979, 1161404, 1166038, 1166280, 1166758, 1168573, 1172590, 1178954, 1179877, 1181042, 1182640, 1182765, 1184450, 1185309, 1185450, 1188419, 1190159, 1193885, 1202856, 1203136, 1205546, 1205579, 1205924, 1214485, 1258814, 1258847, 1260434, 1264321, 1266766, 1268237, 1270326, 1270371, 1278673, 1284904, 1284992, 1285866, 1292570, 1292767, 1292902, 1296649, 1298841, 1300008, 1300166, 1300375, 1304557, 1312211, 1313067, 1313355, 1313360, 1315060, 1321332, 1321334, 1327336, 1327524, 1330050, 1330366, 1330369, 1330372, 1330384, 1331356, 1331704, 1332695, 1333201, 1340989, 1341230, 1341347, 1349112, 1350689, 1366967, 1377494, 1379285, 1382647, 1382815, 1385337, 1387235, 1399848, 1401623, 1405215, 1406241, 1407205, 1414995, 1419680, 1420078, 1420637, 1427035, 1442003, 1442009, 1442020, 1442024, 1442027, 1442119, 1442126, 1457037, 1457192, 1465529, 1468161, 1472818, 1477654, 1483407, 1483490, 1483500, 1485451, 1485453, 1487060, 1487353, 1514192, 1517196, 1575689, 5000138, 5000487, 5000493, 5000912, 5001337
904;Letras-Português (Licenciatura);162, 593, 1036, 1325, 1885, 3131, 3171, 3495, 3611, 4195, 6102, 7755, 8428, 10270, 10795, 11138, 11326, 12968, 13297, 14126, 15206, 15402, 15708, 15740, 16003, 16004, 16247, 16264, 16274, 16647, 16682, 17056, 18561, 18562, 18563, 18944, 21611, 22218, 22350, 22388, 22468, 22532, 22837, 24261, 24393, 25205, 25674, 25711, 25783, 25785, 25789, 25793, 25903, 25949, 27175, 27436, 27512, 27645, 27713, 28064, 28509, 29140, 29470, 29489, 29511, 29948, 30401, 31093, 31137, 31160, 31171, 31206, 31505, 32097, 32162, 32832, 32836, 32844, 32874, 33028, 34644, 34646, 34677, 34704, 34838, 40720, 42056, 42171, 42973, 43778, 44377, 44485, 44947, 46294, 46845, 46943, 47338, 47339, 50438, 51231, 51476, 51945, 55276, 55869, 57981, 60624, 61012, 66263, 67577, 69628, 69634, 71105, 75592, 80877, 82619, 82661, 82689, 82795, 82894, 82968, 83034, 83132, 83137, 83150, 83152, 83155, 83199, 83226, 83231, 84698, 84992, 85226, 85339, 86364, 86388, 87502, 89379, 90697, 91311, 91323, 92444, 92591, 94086, 94520, 95053, 98008, 98560, 99968, 100676, 101309, 103363, 103380, 105052, 105191, 106038, 106092, 106421, 107548, 108616, 109954, 110830, 111326, 112330, 112338, 112812, 113349, 113463, 113832, 113958, 114620, 114846, 114850, 114857, 114858, 114874, 114876, 115013, 115161, 115164, 116578, 117076, 118120, 118124, 119046, 119072, 120746, 121411, 121487, 121700, 121745, 121746, 121954, 121962, 123220, 123255, 123405, 123636, 150281, 1077402, 1101760, 1102208, 1103087, 1114224, 1125999, 1127926, 1139783, 1147020, 1150433, 1151147, 1151599, 1151612, 1151780, 1152005, 1153287, 1158116, 1160083, 1160837, 1161927, 1162791, 1167368, 1168401, 1168550, 1170261, 1170459, 1176228, 1178650, 1179778, 1179970, 1180209, 1186955, 1188228, 1188380, 1189699, 1189739, 1203132, 1204816, 1208951, 1214744, 1259288, 1259974, 1263719, 1264608, 1265937, 1266787, 1268545, 1270327, 1270463, 1270465, 1280246, 1286548, 1292924, 1299258, 1300165, 1305225, 1312986, 1313223, 1321326, 1322945, 1327340, 1327395, 1327519, 1327523, 1330232, 1341351, 1350703, 1357716, 1358041, 1363765, 1363801, 1365444, 1366267, 1377493, 1377527, 1378726, 1379290, 1382646, 1382689, 1382816, 1383125, 1383271, 1385720, 1403988, 1404042, 1404198, 1404325, 1404965, 1405212, 1410362, 1419616, 1419675, 1419768, 1420390, 1422077, 1425192, 1428359, 1438234, 1438434, 1438706, 1439070, 1439086, 1452644, 1454731, 1457036, 1457677, 1481722, 1483406, 1517019, 1517292, 5000898
905;Letras-Português e Inglês (Licenciatura);1046, 3601, 3643, 4653, 5677, 7077, 7261, 8040, 8159, 8424, 8583, 8767, 9000, 10957, 11324, 14120, 14828, 15547, 16183, 16270, 16273, 16338, 18697, 19867, 21796, 21899, 22051, 22118, 22163, 22212, 22236, 22238, 22257, 22333, 22348, 22375, 22379, 22418, 22508, 22521, 22586, 25791, 25792, 26387, 26668, 27550, 27696, 28719, 29278, 29331, 29336, 29351, 29378, 29422, 29456, 29510, 29512, 29513, 29529, 31087, 31132, 31198, 31205, 31234, 31302, 32635, 32799, 32834, 32870, 32932, 32956, 32987, 32990, 33013, 33054, 33071, 34539, 34661, 34683, 34749, 34835, 35166, 35912, 37293, 38413, 42055, 42068, 42187, 44052, 46306, 46375, 49450, 50247, 50967, 51393, 51403, 52189, 52894, 53534, 54052, 54783, 56021, 58205, 59985, 60520, 64026, 64302, 65882, 66647, 70652, 73176, 75048, 75053, 80896, 81230, 81821, 85536, 87237, 88697, 88814, 89018, 89024, 89029, 92255, 94155, 94283, 94478, 96759, 99058, 99222, 100307, 101641, 103344, 103600, 106683, 108090, 108156, 112568, 112572, 116080, 118470, 118478, 120725, 121576, 121748, 150106, 1102188, 1103082, 1104424, 1114229, 1120591, 1132131, 1143418, 1147008, 1152437, 1156620, 1178746, 1179205, 1187712, 1190137, 1192608, 1203561, 1204392, 1205134, 1205437, 1258526, 1264813, 1304099, 1322776, 1327403, 1330112, 1335611, 1335739, 1342674, 1343936, 1350802, 1359814, 1366970, 1377547, 1379000, 1385721, 1400668, 1405659, 1420105, 1428315, 1438776, 1445622, 1446704, 1466022, 1466679, 5000352
906;Letras-Português e Espanhol (Licenciatura);1052, 22178, 22400, 26025, 27263, 28743, 29672, 30581, 31230, 31570, 38439, 38858, 46255, 51074, 51174, 52070, 70985, 85542, 86360, 88496, 88807, 89022, 90510, 92917, 94286, 96761, 99426, 101606, 104298, 104721, 106684, 107062, 110748, 116574, 118382, 121041, 121181, 121749, 122174, 123176, 150105, 150248, 1102186, 1103085, 1114225, 1132133, 1143417, 1146513, 1155725, 1172551, 1178747, 1188383, 1190583, 1214122, 1258537, 1259778, 1264809, 1313148, 1313254, 1321965, 1342673, 1370467, 1375236, 1420104, 1420258, 1466020, 1576625, 5000404, 5000405, 5000406
1402;Física (Licenciatura);27, 158, 397, 623, 694, 770, 966, 1454, 1896, 2545, 2724, 3146, 3212, 3218, 3405, 3572, 5351, 10799, 11302, 11433, 11590, 12022, 12688, 12917, 12963, 13098, 13273, 13400, 13617, 13840, 14510, 14997, 15832, 16011, 16408, 16895, 18390, 18905, 19059, 19078, 19084, 19492, 20768, 21080, 21579, 38239, 38433, 41065, 41324, 42696, 44363, 45027, 47461, 48237, 48287, 49474, 49517, 52056, 58524, 58528, 59566, 60258, 60764, 60766, 60895, 60930, 62676, 62841, 63055, 63381, 63486, 64266, 66729, 67251, 70460, 73302, 75598, 81358, 81453, 81516, 81817, 88608, 92851, 95050, 95121, 95767, 96949, 98671, 99132, 99482, 99684, 99810, 99892, 100289, 100674, 100736, 100777, 101184, 101844, 101858, 102082, 102150, 103020, 104278, 105928, 107522, 109358, 109782, 111876, 112136, 112692, 113527, 113757, 114419, 114554, 115070, 115088, 115100, 116850, 116854, 116878, 116902, 118044, 118096, 119126, 119138, 120174, 121011, 121295, 121478, 121537, 121781, 122356, 123492, 123641, 123766, 123775, 123782, 150280, 300518, 312334, 1100878, 1102398, 1102413, 1102642, 1102818, 1102901, 1103313, 1103421, 1103649, 1103809, 1103900, 1112889, 1113044, 1116850, 1117788, 1122775, 1123027, 1125851, 1125919, 1125947, 1126731, 1126885, 1126911, 1127582, 1127924, 1128229, 1135693, 1141284, 1151669, 1152566, 1152572, 1152879, 1153846, 1158358, 1158921, 1161250, 1165135, 1166037, 1168149, 1168335, 1168454, 1174339, 1181132, 1182641, 1182764, 1188343, 1188344, 1188374, 1189709, 1189820, 1191219, 1192283, 1202639, 1203173, 1204358, 1205624, 1212263, 1258744, 1260299, 1268172, 1268176, 1284901, 1292731, 1292764, 1313185, 1314244, 1319158, 1324507, 1330011, 1330338, 1330339, 1330365, 1330368, 1330371, 1341006, 1342504, 1363208, 1363505, 1364837, 1366966, 1375365, 1375423, 1375998, 1376204, 1376349, 1377536, 1382701, 1382709, 1382774, 1399012, 1399546, 1401622, 1404045, 1404870, 1454922, 1457033, 1458716, 1468159, 1481747, 5000136, 5000492, 5000544, 5000574
1501;Química (Bacharelado);322, 519, 769, 3150, 3406, 6755, 10874, 12007, 12335, 12835, 13218, 13591, 14332, 31592, 38863, 42143, 42683, 45080, 47340, 51741, 57548, 63894, 64040, 64072, 64794, 67143, 70220, 74734, 81850, 89416, 91749, 95769, 99567, 101064, 101535, 103349, 106544, 111386, 120805, 122298, 150310, 300118, 300625, 300700, 302007, 303674, 305352, 306061, 309728, 310155, 311171, 311443, 312555, 312700, 312975, 313106, 313278, 313404, 314118, 314239, 320541, 343967, 388147, 399040, 401564, 402038, 409604, 1059775, 1084262, 1100002, 1102344, 1102560, 1103531, 1103712, 1106983, 1125887, 1125889, 1129806, 1134829, 1140708, 1153800, 1165075, 1168169, 1179878, 1291963, 1321484, 1351703, 1404046, 1458719, 5000897
1502;Química (Licenciatura);159, 382, 700, 971, 1429, 2007, 3573, 3674, 5352, 6061, 6752, 9728, 10062, 11171, 11308, 11443, 11592, 12026, 12555, 12700, 12975, 13106, 13278, 13404, 13618, 13742, 13874, 14511, 15834, 16414, 16896, 18069, 18889, 18895, 18964, 19058, 19081, 19083, 19493, 20237, 20288, 20541, 20577, 20782, 21456, 21580, 30525, 34592, 35062, 35095, 38217, 42574, 43967, 45111, 45204, 47345, 48285, 50935, 51044, 53473, 58082, 58520, 58590, 59268, 59461, 60384, 60604, 60756, 60768, 62682, 63059, 63840, 65996, 66305, 66507, 66727, 66993, 67249, 70981, 71553, 74642, 75596, 75768, 81294, 81312, 81520, 82170, 83323, 83966, 88804, 89255, 95059, 98043, 98616, 99040, 99368, 99808, 99896, 100367, 100553, 100696, 100734, 100906, 101800, 101892, 101996, 102038, 102090, 102156, 103027, 103385, 103414, 104280, 104812, 105674, 106050, 106408, 107516, 108434, 109221, 109386, 109618, 109780, 112592, 113202, 113365, 113525, 113781, 114180, 114552, 114892, 115092, 115098, 115220, 116536, 116862, 116884, 117058, 117318, 118016, 118098, 120078, 120084, 120924, 121016, 121135, 121451, 122138, 122360, 123233, 123365, 123640, 123764, 123780, 123789, 123791, 312335, 1043904, 1100003, 1100880, 1102012, 1102400, 1102644, 1102978, 1103163, 1103315, 1103319, 1103371, 1103487, 1103526, 1103688, 1103711, 1103745, 1103854, 1103919, 1104480, 1105116, 1105828, 1112909, 1113070, 1117076, 1122746, 1123044, 1125948, 1126431, 1126724, 1126881, 1126893, 1126912, 1127374, 1127927, 1128010, 1128054, 1128095, 1128549, 1128937, 1128939, 1129597, 1135769, 1137369, 1147025, 1147485, 1151671, 1152564, 1152567, 1152574, 1152592, 1152881, 1153957, 1157240, 1158924, 1160759, 1161324, 1161562, 1164183, 1165078, 1166039, 1166780, 1168156, 1168212, 1168526, 1168588, 1174684, 1178556, 1189711, 1189755, 1203133, 1203172, 1212262, 1268177, 1270372, 1284905, 1284981, 1285020, 1292766, 1300218, 1304097, 1312197, 1313065, 1313171, 1313172, 1313173, 1313180, 1321321, 1324508, 1330118, 1330344, 1330370, 1330373, 1335623, 1338270, 1341227, 1341231, 1350699, 1357982, 1363508, 1364464, 1368260, 1374756, 1375366, 1377538, 1382711, 1382712, 1382775, 1385372, 1399536, 1401621, 1403609, 1404321, 1405006, 1419756, 1430231, 1457039, 1458720, 5000146, 5000568
1601;Ciências Biológicas (Bacharelado);525, 861, 1430, 4677, 12027, 12332, 13225, 14506, 15081, 15333, 15786, 16591, 16897, 17727, 19431, 20190, 21114, 23976, 29106, 31957, 31958, 31959, 35878, 38881, 40103, 44382, 44951, 44992, 45003, 45384, 45498, 47280, 49004, 50948, 54856, 56141, 57444, 58372, 60448, 61361, 63838, 64458, 66005, 66981, 69428, 69445, 72627, 72882, 73208, 74303, 74364, 83208, 90719, 91185, 94311, 95329, 96401, 99086, 99278, 99841, 100421, 100820, 101219, 101834, 102400, 102569, 103451, 105194, 105257, 105726, 106636, 107734, 111150, 111492, 111568, 112584, 112586, 113737, 113851, 113853, 114055, 115672, 116886, 116930, 117756, 118024, 121005, 121706, 123065, 123617, 150052, 150053, 150087, 150152, 300621, 300684, 300772, 301109, 301624, 301905, 302009, 303142, 303149, 303154, 303222, 303408, 303574, 303673, 303848, 304318, 304850, 305231, 305353, 305481, 305953, 306118, 306578, 307409, 307490, 307963, 308164, 308589, 309726, 309837, 310154, 310610, 311310, 311426, 311593, 312588, 312812, 312916, 312945, 313086, 313283, 313399, 313974, 314089, 314135, 314218, 314856, 315544, 315831, 315876, 317148, 317636, 318363, 318876, 319057, 319477, 319491, 320068, 320326, 320718, 320848, 321040, 337785, 344367, 347325, 347559, 347560, 348948, 349000, 352046, 352256, 353459, 354400, 356744, 361082, 364194, 366506, 367221, 368683, 373968, 375228, 375233, 376377, 376421, 376429, 376475, 376483, 376528, 376554, 376626, 395215, 397767, 399026, 405176, 409616, 411354, 417498, 1046776, 1071704, 1075352, 1102345, 1110779, 1111485, 1112281, 1113004, 1113241, 1113713, 1114292, 1114511, 1118189, 1129459, 1135277, 1138069, 1143955, 1151681, 1155928, 1155971, 1170473, 1170477, 1174681, 1180207, 1180816, 1184181, 1185411, 1185667, 1185669, 1188880, 1190630, 1190631, 1190682, 1205023, 1212121, 1257738, 1258025, 1258309, 1259499, 1263648, 1266376, 1267045, 1269997, 1270678, 1272128, 1279265, 1279626, 1279652, 1285517, 1292752, 1300221, 1300317, 1303607, 1308826, 1313306, 1322704, 1327243, 1343350, 1357571, 1363761, 1365476, 1396686, 1398182, 1413342, 1427450, 1427741, 1427757, 1428573, 1438415, 1443401, 1458318, 1458669, 1458717, 5000071, 5000435
1602;Ciências Biológicas (Licenciatura);29, 32, 160, 327, 398, 621, 684, 772, 972, 1109, 1624, 1905, 2009, 2722, 3149, 3154, 3219, 3222, 3408, 3574, 3613, 3673, 3848, 4318, 4850, 5072, 5231, 5353, 5481, 5779, 5953, 6578, 6634, 6818, 7409, 7490, 8164, 8801, 9726, 10610, 10955, 11310, 11325, 11426, 11543, 11593, 11660, 12023, 12105, 12588, 12812, 12916, 12945, 13086, 13283, 13399, 13974, 14089, 14135, 14218, 14512, 14856, 15192, 15410, 15706, 15831, 15863, 15866, 15876, 16248, 16269, 16275, 16276, 16389, 17148, 17636, 17913, 18363, 18381, 18487, 18491, 18496, 18876, 18894, 18963, 19016, 19072, 19076, 19091, 19142, 19146, 19152, 19195, 19283, 19443, 19491, 19830, 20068, 20122, 20234, 20262, 20270, 20676, 20848, 20889, 21248, 21450, 21807, 21890, 21971, 22049, 23051, 29951, 31537, 31802, 38429, 38768, 39060, 41690, 44261, 44367, 44900, 45004, 45328, 45711, 45713, 45715, 46715, 47325, 47335, 47558, 47560, 47680, 47856, 48292, 48948, 49000, 49411, 49508, 49551, 49818, 49823, 50287, 50729, 50856, 50933, 51072, 52046, 52256, 52756, 53469, 54044, 54174, 54400, 54647, 54676, 55756, 55813, 57366, 57704, 58074, 58506, 58518, 59412, 59453, 59994, 59998, 60255, 60538, 60599, 60670, 60674, 60980, 61028, 62674, 63045, 63484, 64552, 65171, 66008, 66299, 66303, 66506, 67221, 67813, 69586, 69650, 71556, 73968, 74270, 74301, 74366, 75228, 75231, 75233, 75590, 75632, 76357, 76377, 76421, 76429, 76475, 76483, 76528, 76554, 76626, 80254, 80829, 81296, 82358, 83296, 83316, 83328, 83332, 83927, 85136, 85762, 86244, 86282, 87222, 87481, 88208, 88478, 89238, 90728, 91671, 92385, 92740, 94641, 95037, 95215, 96403, 97767, 98546, 98614, 98650, 99026, 99287, 99363, 99370, 99714, 99720, 99728, 99802, 99804, 99860, 99862, 99906, 100148, 100207, 100584, 100672, 100742, 100900, 101140, 102086, 102166, 102570, 103029, 103303, 103352, 103370, 103477, 104368, 104398, 104640, 104802, 104810, 105176, 106384, 106411, 107436, 107736, 109390, 109616, 111986, 112927, 113090, 113393, 113459, 113699, 113703, 113735, 113824, 114120, 114182, 114562, 115037, 115078, 115096, 115872, 116638, 116852, 116874, 117424, 118566, 120604, 120887, 122354, 122662, 123067, 123230, 123411, 123470, 123578, 123642, 123778, 150204, 312332, 344951, 1070677, 1071705, 1073312, 1084792, 1101387, 1102399, 1102499, 1102643, 1102693, 1102695, 1102801, 1102962, 1103186, 1103317, 1103419, 1103451, 1103692, 1103909, 1105299, 1105897, 1112662, 1116025, 1116852, 1117559, 1123287, 1126104, 1126666, 1126887, 1128029, 1128225, 1128547, 1128930, 1136925, 1138986, 1142319, 1142423, 1148030, 1150789, 1151328, 1151549, 1151677, 1152544, 1152571, 1152580, 1152882, 1153478, 1159013, 1159054, 1159666, 1160029, 1160425, 1160842, 1160888, 1161928, 1163653, 1165090, 1168211, 1168361, 1168525, 1168581, 1168583, 1169965, 1174338, 1180601, 1183927, 1188418, 1190061, 1191349, 1203130, 1203646, 1204444, 1204892, 1204984, 1211883, 1258026, 1258780, 1258839, 1259167, 1259918, 1260317, 1260417, 1260522, 1263591, 1264089, 1266098, 1267326, 1270232, 1270468, 1270469, 1270517, 1280561, 1284898, 1285018, 1286489, 1288838, 1292753, 1292765, 1300116, 1303971, 1304669, 1305265, 1309618, 1313179, 1313186, 1313187, 1313443, 1314373, 1314994, 1321318, 1322317, 1322609, 1323000, 1327356, 1327518, 1327522, 1332354, 1338870, 1339438, 1341233, 1341234, 1341255, 1341256, 1342455, 1342497, 1352592, 1354738, 1359179, 1365452, 1376002, 1376050, 1382817, 1398184, 1399733, 1399738, 1400718, 1401620, 1403536, 1404068, 1404179, 1404197, 1405214, 1406170, 1419766, 1419824, 1427451, 1427708, 1427756, 1428321, 1436021, 1438391, 1443412, 1457029, 1458718, 1479133, 1483399, 1518244, 5000575
2001;Pedagogia (Licenciatura);6, 23, 150, 163, 315, 381, 697, 850, 954, 1326, 1435, 1515, 1648, 1741, 1758, 1780, 1782, 1882, 2014, 2085, 2110, 2204, 2208, 2211, 2212, 2215, 2216, 2221, 2289, 2529, 2588, 2626, 2645, 2675, 2700, 2716, 3132, 3166, 3209, 3214, 3397, 3416, 3497, 3561, 3622, 3644, 3664, 3838, 3843, 4090, 4129, 4196, 4224, 4373, 4389, 4401, 4464, 4502, 4591, 4652, 4848, 4865, 5071, 5119, 5179, 5191, 5300, 5355, 5478, 5579, 5702, 5728, 5805, 5818, 5882, 5949, 6025, 6104, 6159, 6478, 6568, 6665, 6725, 6750, 6803, 7025, 7062, 7078, 7190, 7304, 7454, 7500, 7709, 7758, 7798, 7878, 7944, 8034, 8058, 8160, 8425, 8439, 8488, 8765, 8788, 8799, 8803, 8973, 9001, 9082, 9100, 9125, 9205, 9238, 9265, 9285, 9297, 9315, 9422, 9466, 9535, 9642, 9720, 9765, 9816, 9979, 10002, 10022, 10240, 10462, 10499, 10708, 10738, 10793, 10861, 11140, 11231, 11314, 11432, 11449, 11456, 11535, 11548, 11605, 11885, 11893, 11996, 12040, 12048, 12061, 12069, 12076, 12085, 12111, 12353, 12557, 12690, 12717, 12819, 12973, 13105, 13213, 13298, 13410, 13418, 13452, 13580, 13729, 13967, 14090, 14122, 14237, 14349, 14827, 14875, 14987, 15084, 15100, 15228, 15243, 15412, 15471, 15603, 15695, 15719, 15785, 15842, 15851, 15857, 15861, 16002, 16007, 16125, 16185, 16214, 16265, 16271, 16336, 16392, 16483, 16499, 16549, 16581, 16590, 16655, 16676, 16689, 16819, 16863, 16902, 17028, 17035, 17079, 17098, 17108, 17129, 17142, 17144, 17199, 17321, 17329, 17344, 17453, 17556, 17609, 17665, 18042, 18091, 18114, 18215, 18284, 18300, 18303, 18346, 18349, 18383, 18410, 18414, 18417, 18694, 18796, 18947, 19039, 19040, 19041, 19225, 19234, 19300, 19346, 19407, 19534, 19565, 19594, 19626, 19668, 19717, 19733, 19758, 19759, 19770, 19778, 19800, 19823, 19845, 19854, 19874, 19879, 19885, 19911, 19920, 19944, 19950, 20001, 20020, 20124, 20153, 20257, 20298, 20309, 20387, 20398, 20412, 20438, 20456, 20472, 20480, 20558, 20644, 20704, 20753, 20938, 21070, 21137, 21217, 21247, 21263, 21264, 21287, 21303, 21482, 21484, 21489, 21501, 21551, 21660, 21737, 21740, 21760, 21779, 21799, 21824, 21828, 21873, 21874, 21875, 21880, 21885, 21895, 21913, 21921, 21992, 22025, 22053, 22075, 22087, 32470, 33221, 34476, 35172, 37288, 37291, 37305, 37777, 37779, 37781, 37794, 37795, 38186, 38273, 38276, 38807, 38963, 39238, 39269, 39300, 39393, 39672, 39688, 40808, 41077, 41240, 41263, 41322, 41505, 41677, 41798, 42019, 42088, 43229, 43242, 43399, 43463, 43743, 44076, 44295, 46395, 46474, 46480, 46546, 46748, 46785, 46940, 47579, 47584, 47793, 47880, 48195, 48522, 48616, 48650, 48831, 48834, 48876, 48897, 48900, 48908, 48968, 48974, 48986, 49033, 49076, 49157, 49225, 49301, 49351, 49357, 49365, 49687, 49712, 49873, 50079, 50380, 50389, 50476, 50891, 50916, 51067, 51229, 51397, 51413, 51536, 52933, 53379, 54053, 54182, 54373, 54651, 55236, 55396, 55782, 55838, 56134, 56340, 56346, 56354, 56356, 56600, 56724, 56912, 57278, 57376, 57422, 57630, 58154, 58907, 58996, 59052, 59402, 59505, 59596, 59628, 59841, 59940, 59972, 59977, 59988, 59993, 60040, 60266, 60420, 61074, 61284, 62083, 62229, 62458, 63550, 63558, 63726, 64704, 64811, 64854, 64910, 66622, 66671, 66893, 66917, 66920, 66926, 66929, 67571, 68360, 68408, 68594, 69069, 69132, 69386, 69832, 70488, 70492, 70732, 71002, 71247, 71320, 71413, 72243, 73064, 73131, 73192, 73267, 73449, 73580, 73691, 73782, 74021, 74104, 74174, 74180, 74212, 74240, 74296, 75141, 75182, 75198, 75203, 75396, 75512, 79377, 79960, 80795, 80814, 80922, 81640, 83040, 83160, 83173, 83272, 83344, 83353, 83356, 83358, 83392, 83394, 83396, 83402, 83404, 83411, 83415, 83570, 84880, 85058, 85260, 85276, 85345, 85380, 85488, 85688, 85724, 85750, 85806, 86224, 86602, 86627, 86756, 87280, 87444, 87454, 87464, 87544, 88030, 88064, 88088, 88152, 88912, 89269, 89380, 89890, 90414, 90424, 90453, 90523, 90625, 90941, 91099, 91737, 91751, 91760, 91769, 91776, 91795, 91969, 91975, 92051, 92054, 92061, 92260, 92355, 92559, 92955, 93396, 94307, 94363, 94821, 94994, 95057, 95143, 95205, 95213, 95237, 95284, 95295, 96372, 96438, 96483, 96655, 96771, 96874, 96953, 97018, 97066, 97075, 97143, 97243, 97455, 97503, 97507, 97775, 97780, 97851, 97882, 97884, 97939, 98067, 98178, 98301, 98307, 98308, 98309, 98337, 98556, 98569, 98870, 98892, 98922, 98943, 99282, 99296, 99325, 99578, 99627, 99818, 99900, 100223, 100298, 100305, 100352, 100356, 100358, 100360, 100386, 100468, 100474, 100476, 100480, 100483, 100485, 100487, 100489, 100491, 100493, 100497, 100504, 100508, 100510, 100516, 100520, 100524, 100526, 100528, 100536, 100538, 100542, 100545, 100547, 100569, 100575, 100589, 100594, 100600, 100606, 101092, 101280, 101282, 101284, 101350, 101614, 101639, 101662, 101715, 101747, 101751, 101762, 101766, 101902, 101986, 102012, 102029, 102176, 102280, 102532, 102595, 102672, 102828, 102869, 103018, 103038, 103046, 103112, 103338, 103494, 103666, 103866, 104156, 104292, 104696, 104726, 104898, 104912, 105060, 105278, 105308, 105352, 105374, 105403, 105409, 105652, 105820, 105856, 105955, 105992, 106143, 106732, 106818, 107020, 107082, 107152, 107356, 107380, 107383, 107623, 107633, 108262, 108586, 109205, 109626, 109844, 109873, 109890, 109893, 109950, 110000, 110650, 110724, 110730, 110754, 110846, 110854, 110860, 110870, 110876, 110882, 110888, 110900, 111236, 111270, 111344, 111450, 111504, 111798, 112052, 112100, 112170, 112239, 112240, 112248, 112262, 112606, 112674, 112712, 112940, 113025, 113034, 113052, 113054, 113056, 113058, 113311, 113347, 113783, 113799, 113801, 113821, 114044, 114059, 114089, 114099, 114157, 114186, 114912, 114965, 115076, 115178, 115558, 115886, 115998, 116120, 116642, 116782, 116956, 117164, 117246, 117324, 117330, 117470, 117588, 117630, 117644, 117717, 117729, 118266, 118321, 118342, 118348, 118358, 118510, 118678, 118768, 118826, 118870, 118876, 119012, 119032, 119650, 119744, 119982, 120127, 120769, 120893, 121081, 121222, 121260, 121286, 121315, 121317, 121798, 121802, 121860, 122132, 122404, 122910, 122924, 123153, 123284, 123687, 123704, 150071, 150072, 150122, 150203, 150286, 1006144, 1006200, 1009421, 1014155, 1042838, 1048014, 1055334, 1056475, 1058935, 1068884, 1069370, 1071817, 1072244, 1073315, 1073856, 1073879, 1075632, 1076118, 1097023, 1099321, 1099989, 1101027, 1102384, 1104426, 1104762, 1104814, 1105780, 1106336, 1107614, 1108341, 1108440, 1110365, 1111568, 1112733, 1116091, 1116833, 1116879, 1116904, 1118295, 1118531, 1119524, 1121154, 1124974, 1125139, 1125448, 1125934, 1126244, 1126994, 1127355, 1128934, 1130148, 1132814, 1133262, 1136373, 1136664, 1137223, 1139787, 1140278, 1142158, 1142393, 1143412, 1143724, 1147178, 1148674, 1148764, 1149137, 1150372, 1150432, 1151166, 1151646, 1151679, 1151779, 1152082, 1152584, 1152586, 1153477, 1153884, 1154758, 1155078, 1155387, 1155961, 1159278, 1160831, 1160932, 1161601, 1161924, 1166455, 1166499, 1167953, 1170205, 1170433, 1173141, 1174076, 1174846, 1177389, 1177880, 1178271, 1178745, 1178769, 1179160, 1179300, 1179383, 1180297, 1180714, 1183017, 1183586, 1184189, 1184525, 1184563, 1185341, 1185841, 1185946, 1186073, 1187658, 1188184, 1188523, 1189097, 1189846, 1190047, 1190683, 1192251, 1192321, 1193519, 1193853, 1202263, 1202603, 1203134, 1204221, 1204223, 1204697, 1204898, 1204947, 1205238, 1205299, 1205313, 1205432, 1206096, 1206349, 1206696, 1206815, 1206922, 1207811, 1208236, 1210187, 1210582, 1210687, 1211722, 1211878, 1257535, 1257740, 1257954, 1257979, 1258129, 1258343, 1258435, 1258514, 1258528, 1258704, 1259021, 1259034, 1259093, 1259497, 1259742, 1259856, 1259917, 1260069, 1260095, 1260609, 1260665, 1261117, 1261544, 1261598, 1261746, 1261819, 1261824, 1262017, 1262336, 1262581, 1262634, 1262853, 1262931, 1263050, 1264090, 1266539, 1268512, 1270213, 1270476, 1270651, 1272856, 1272863, 1276747, 1278626, 1279591, 1279605, 1279621, 1279792, 1280058, 1280497, 1280500, 1280608, 1284023, 1284212, 1284313, 1284582, 1284791, 1285099, 1285156, 1285208, 1285821, 1285826, 1286097, 1286321, 1286682, 1286923, 1287044, 1287373, 1287408, 1288676, 1292298, 1292684, 1292694, 1293114, 1299611, 1299627, 1299993, 1300312, 1303429, 1304069, 1304724, 1304820, 1304841, 1304927, 1305187, 1305192, 1305982, 1306249, 1306367, 1306441, 1306500, 1307282, 1307553, 1307941, 1308487, 1308929, 1310591, 1313000, 1313050, 1313149, 1313272, 1313489, 1314323, 1314351, 1314420, 1315468, 1319230, 1321319, 1321331, 1321344, 1321506, 1321588, 1321700, 1321705, 1321803, 1321866, 1322142, 1322330, 1322936, 1323048, 1323539, 1323838, 1325267, 1325431, 1325693, 1327335, 1330117, 1330274, 1330398, 1330648, 1330872, 1330982, 1331229, 1331428, 1331442, 1331729, 1331875, 1331921, 1332677, 1332930, 1333118, 1333183, 1333567, 1333652, 1335120, 1337054, 1341058, 1341949, 1342870, 1343136, 1343142, 1343942, 1349488, 1349494, 1349714, 1349759, 1350088, 1350106, 1350336, 1350580, 1350609, 1350801, 1350812, 1352010, 1352554, 1353083, 1353355, 1355582, 1357741, 1358040, 1358414, 1363957, 1364121, 1364551, 1364633, 1365255, 1365564, 1365654, 1365933, 1366367, 1366594, 1366964, 1367365, 1368571, 1369415, 1371490, 1375237, 1375345, 1375411, 1376182, 1376267, 1378999, 1379287, 1379291, 1382642, 1382773, 1383124, 1385361, 1385788, 1385838, 1386483, 1387381, 1389012, 1389563, 1390285, 1395806, 1395909, 1399018, 1399534, 1400679, 1403989, 1404084, 1404086, 1404097, 1404254, 1404585, 1404979, 1405026, 1416600, 1419729, 1419769, 1419858, 1420345, 1420440, 1420646, 1422098, 1425207, 1425307, 1425379, 1425394, 1427360, 1427406, 1427497, 1427574, 1427634, 1427734, 1429958, 1430478, 1430649, 1431238, 1431245, 1438321, 1438364, 1438435, 1441028, 1442114, 1442120, 1442869, 1443184, 1443195, 1445623, 1445845, 1446088, 1446658, 1451964, 1452146, 1453388, 1453458, 1453483, 1455001, 1457902, 1458255, 1465672, 1473646, 1479184, 1483392, 1483835, 1484388, 1496374, 1523189, 1548309, 1549984, 1563216, 2500068, 5000213, 5000402, 5000403, 5000581, 5000695, 5000885, 5001328
2401;História (Bacharelado);1446, 11430, 13211, 14112, 20064, 20944, 33205, 41858, 45038, 60540, 100026, 107716, 113619, 116920, 123332, 150255, 300592, 301646, 302540, 303135, 307510, 310872, 311243, 311321, 311995, 312577, 312705, 312817, 312967, 313100, 313300, 313579, 313984, 314128, 314231, 317194, 339024, 348944, 401278, 402728, 417130, 420439, 1083431, 1105825, 1113228, 1113732, 1117473, 1123212, 1174682, 1276399, 1427694, 1442568, 1443997, 1457054, 1457700, 1469017
2402;História (Licenciatura);25, 311, 402, 494, 592, 775, 955, 1034, 1095, 1222, 1646, 1740, 2199, 2206, 2213, 2540, 2623, 3135, 3172, 3399, 3499, 3568, 3603, 3612, 3671, 3802, 3925, 4092, 4406, 4465, 4729, 4867, 5041, 5077, 5701, 5950, 6412, 6566, 6625, 7079, 7510, 7650, 7725, 7756, 7830, 8158, 8303, 8417, 8423, 8429, 8585, 8909, 9289, 9897, 10051, 10497, 10797, 10872, 11161, 11243, 11321, 11329, 11539, 11603, 11613, 11886, 11889, 11897, 11995, 12065, 12073, 12324, 12350, 12577, 12705, 12817, 12967, 13100, 13300, 13405, 13415, 13449, 13579, 13984, 14128, 14231, 14514, 14831, 14993, 15199, 15207, 15349, 15409, 15627, 15694, 15707, 15721, 15737, 15845, 15849, 15855, 15859, 15992, 16092, 16266, 16319, 16334, 16394, 16551, 16593, 16683, 17134, 17138, 17194, 17347, 17671, 18115, 18316, 18317, 18405, 19044, 19275, 19329, 19827, 19868, 20566, 20643, 21086, 21784, 21788, 21795, 21797, 21801, 21805, 21811, 21814, 21819, 28100, 28308, 35316, 37878, 38256, 39024, 39244, 41857, 42194, 43471, 44369, 45039, 46234, 48378, 48944, 49559, 49727, 50321, 50731, 50733, 50846, 51008, 52121, 52142, 53467, 54884, 55327, 59798, 60740, 60762, 63459, 64600, 66903, 67575, 68265, 69043, 71041, 71119, 74182, 74478, 74666, 80218, 80244, 83809, 83960, 83968, 83974, 84427, 84856, 85343, 86428, 87217, 87483, 87888, 88778, 89143, 90001, 90503, 91545, 91805, 92400, 92433, 92848, 95123, 95125, 96152, 97986, 98331, 98399, 98564, 99940, 100728, 101278, 101300, 102092, 102728, 102987, 103377, 104018, 104572, 105860, 105949, 106418, 106678, 107512, 108620, 108848, 109766, 109776, 110824, 111166, 114238, 114560, 115681, 117130, 117650, 118568, 119100, 119914, 120439, 120773, 122214, 122758, 123637, 123831, 150205, 311430, 314112, 320064, 1073313, 1103710, 1103739, 1107873, 1122208, 1129262, 1136917, 1139785, 1143416, 1147553, 1151148, 1151425, 1151468, 1151594, 1152360, 1152438, 1152590, 1154403, 1160099, 1160839, 1160947, 1161925, 1170106, 1178743, 1181052, 1205821, 1259286, 1262485, 1266765, 1270446, 1270474, 1271848, 1272855, 1272861, 1279057, 1285865, 1286531, 1298770, 1299294, 1300006, 1304818, 1305529, 1312227, 1313051, 1314234, 1319163, 1321594, 1322732, 1324172, 1328972, 1330342, 1331703, 1333032, 1349557, 1352387, 1358039, 1366233, 1375340, 1377545, 1379283, 1382502, 1382554, 1382645, 1385318, 1385713, 1387218, 1398210, 1399010, 1400344, 1400420, 1403006, 1405269, 1410370, 1419767, 1419826, 1420447, 1427036, 1427039, 1429955, 1438260, 1441024, 1442028, 1443180, 1457035, 1457673, 1458254, 1466676, 1483498, 1496474, 1514190, 1518696, 1518703, 1518705, 1563212, 5000036, 5000371, 5000400, 5000401, 5000547, 5001161
2501;Artes Visuais (Licenciatura);151, 1044, 6481, 9600, 11462, 12943, 13312, 14768, 21865, 21990, 23315, 23910, 28184, 31978, 36348, 39550, 52159, 52386, 52472, 58330, 62512, 63886, 70395, 70536, 70694, 80419, 84006, 84840, 86685, 88502, 91972, 92597, 94725, 95667, 99238, 100738, 101578, 102702, 107438, 109871, 111006, 111378, 111734, 111889, 112126, 112356, 114907, 116522, 116768, 116892, 116962, 117352, 119216, 120080, 120114, 123567, 1103310, 1103469, 1105133, 1111550, 1112914, 1143413, 1146843, 1147017, 1151733, 1152477, 1152588, 1153642, 1153951, 1154848, 1155133, 1156313, 1178043, 1212284, 1262447, 1266926, 1276412, 1284746, 1285868, 1314353, 1314375, 1321293, 1321343, 1323001, 1333079, 1404178, 1404229, 1427707, 1487895, 1501312, 5000539
3001;Geografia (Bacharelado);310, 1033, 12323, 13210, 16413, 41057, 45030, 47369, 52249, 101628, 113606, 116204, 116560, 118064, 123643, 150254, 150309, 300129, 300403, 300771, 301893, 302541, 303144, 303162, 303400, 307509, 308766, 310496, 310871, 311303, 311429, 311991, 312689, 312818, 312965, 313099, 313274, 313406, 313976, 314102, 314111, 314133, 314230, 314326, 315844, 315994, 317135, 317195, 338102, 343869, 349476, 352225, 382077, 399022, 403022, 417132, 423708, 1083438, 1108033, 1113052, 1113727, 1128362, 1174278, 1183136, 1259381, 1299196, 1313326, 1323576, 1427695, 1443961, 1454616, 1457689, 1468959, 5000372
3002;Geografia (Licenciatura);24, 328, 403, 495, 771, 1445, 1716, 1893, 2205, 2541, 2622, 3144, 3162, 3400, 3569, 3614, 3645, 6575, 7509, 7829, 7845, 8418, 8422, 8430, 8766, 9293, 10050, 10496, 10804, 10871, 11162, 11303, 11327, 11429, 11529, 11598, 11614, 11887, 11888, 11912, 11991, 12052, 12083, 12098, 12351, 12560, 12689, 12818, 12965, 13099, 13274, 13406, 13407, 13976, 14102, 14111, 14133, 14230, 14326, 14992, 15411, 15628, 15710, 15720, 15738, 15844, 15854, 15858, 15864, 15994, 16186, 16267, 16594, 16684, 16898, 17135, 17139, 17195, 17672, 18318, 18399, 19043, 19661, 20943, 21085, 21785, 21789, 21794, 21798, 21806, 21812, 21815, 21820, 23485, 38102, 43788, 43869, 44366, 45031, 46588, 46710, 47370, 48283, 52225, 52231, 52435, 54672, 55324, 57502, 60637, 60672, 60934, 60986, 62380, 64274, 66899, 72598, 74184, 82077, 83158, 83962, 83970, 83972, 85444, 87561, 91797, 95051, 96450, 97211, 98562, 99022, 99876, 99950, 100726, 101856, 103022, 103372, 105084, 105780, 106064, 106093, 106416, 106676, 107508, 108618, 108846, 111004, 111314, 112806, 113279, 114558, 114971, 115080, 116690, 117132, 120657, 120777, 121185, 122210, 122316, 123638, 150104, 312323, 1077817, 1103426, 1107032, 1108035, 1113373, 1122742, 1129627, 1143415, 1149624, 1149644, 1151167, 1151320, 1152889, 1153463, 1160261, 1170085, 1177731, 1178742, 1185732, 1189708, 1190156, 1194057, 1200069, 1205895, 1211881, 1266741, 1270473, 1278713, 1278881, 1285864, 1286528, 1292569, 1298413, 1298975, 1304730, 1305546, 1308687, 1313153, 1313445, 1313979, 1314212, 1321336, 1321515, 1330038, 1330343, 1331701, 1364271, 1364469, 1375339, 1375414, 1404087, 1404146, 1404227, 1404231, 1419627, 1419776, 1420446, 1425261, 1427038, 1427407, 1427496, 1429864, 1434893, 1442010, 1442014, 1442016, 1442025, 1442030, 1457193, 1458745, 1483405, 1496475, 5000398, 5000399
3201;Filosofia (Bacharelado);12321, 12834, 27858, 40700, 41849, 45024, 52196, 66597, 66637, 67545, 68172, 69002, 73719, 79645, 86920, 88504, 88963, 98144, 102308, 110414, 121366, 121602, 300595, 300950, 301321, 301453, 301513, 301881, 302197, 303168, 304194, 307505, 310495, 310863, 311229, 311301, 311994, 312578, 312962, 313097, 313303, 313409, 313577, 314110, 314228, 314346, 317270, 318975, 320530, 337274, 350042, 358380, 399189, 399346, 401276, 408644, 1101762, 1103021, 1103709, 1105840, 1158382, 1190140, 1202870, 1287595, 1332250, 1343523, 1352402, 1353030, 1366250, 1366291, 1395631, 1397174, 1397180, 1397977, 1405575, 1427500, 1427697, 5001248
3202;Filosofia (Licenciatura);326, 380, 496, 595, 779, 849, 950, 1223, 1321, 1453, 1513, 1643, 1738, 1881, 2108, 2197, 3168, 4194, 4727, 4866, 5483, 5954, 7505, 7828, 8912, 10809, 10863, 11301, 11431, 11994, 12962, 13097, 13209, 13303, 13409, 13577, 13839, 14110, 14228, 14346, 14985, 17270, 17346, 17596, 17924, 18975, 20530, 21625, 37274, 41848, 44362, 45025, 45735, 48044, 49472, 49701, 49756, 50042, 51283, 51537, 53692, 54780, 58380, 64518, 73522, 82605, 84701, 87804, 92129, 99189, 99346, 100740, 101774, 106674, 108342, 108644, 109394, 113100, 113457, 114061, 115686, 116506, 116732, 117128, 120737, 121367, 121934, 122048, 150125, 312321, 312834, 1042112, 1100877, 1101763, 1103708, 1105404, 1109941, 1111969, 1135224, 1138346, 1143414, 1143719, 1146611, 1148478, 1152589, 1159779, 1160309, 1165863, 1179334, 1259014, 1259107, 1266738, 1268556, 1268558, 1285863, 1292739, 1306306, 1313175, 1314985, 1321266, 1321322, 1322730, 1326802, 1343533, 1365247, 1382608, 1382643, 1385367, 1404094, 1404147, 1425237, 1425301, 1454631, 1455354, 1483404, 5000396, 5000397
3501;Educação Física (Bacharelado);6181, 11542, 12327, 17663, 20291, 20307, 21231, 39077, 44174, 44892, 45762, 54418, 57944, 59662, 59750, 59782, 61072, 61592, 62970, 63076, 64455, 64898, 65892, 66103, 66131, 66566, 67259, 67643, 68119, 68524, 69430, 71146, 71477, 72142, 72379, 73500, 74484, 74922, 75604, 75837, 76380, 76853, 80101, 80330, 80360, 80810, 81382, 83938, 86205, 88074, 88509, 88652, 88664, 89146, 89474, 89476, 90363, 91309, 91897, 91899, 92151, 92157, 92184, 92601, 92734, 94115, 94157, 94917, 95151, 95631, 96434, 96693, 97099, 97647, 98124, 98126, 98359, 98393, 99423, 100055, 100256, 101506, 101582, 101586, 101602, 101673, 102075, 102077, 102194, 102304, 102550, 102574, 102665, 102754, 102820, 102834, 103346, 103950, 104158, 104364, 104366, 105068, 105174, 105522, 106536, 107246, 107338, 107619, 107631, 108676, 108723, 109456, 109692, 109923, 110004, 110315, 111376, 111786, 111884, 112220, 112496, 112850, 113204, 113268, 113274, 114417, 114444, 115340, 115438, 115702, 116370, 116904, 116946, 116986, 117010, 117050, 117308, 117334, 117750, 117808, 117881, 117968, 118380, 118432, 118712, 118822, 118998, 119000, 119004, 119016, 119298, 119810, 119844, 120026, 120771, 121350, 121886, 122288, 122592, 122596, 122951, 123128, 123268, 123273, 150036, 150056, 150058, 150063, 150067, 150186, 150300, 150301, 150302, 300635, 300687, 301438, 301641, 302525, 303410, 303662, 305223, 305497, 305838, 306584, 307202, 307946, 308665, 309956, 310162, 310981, 310988, 311300, 311717, 312562, 312952, 313092, 315605, 318429, 318468, 318511, 319204, 319219, 319984, 320087, 320165, 320325, 320348, 320424, 320545, 320717, 320834, 321096, 321566, 321646, 321714, 321976, 338958, 342502, 344656, 344658, 344965, 346023, 346911, 347565, 348488, 350145, 350265, 350447, 352543, 355103, 356706, 358455, 359003, 359371, 359760, 360729, 366629, 373442, 375150, 383139, 384852, 385424, 390367, 390517, 396659, 398622, 399212, 401194, 405178, 405872, 405984, 407852, 415436, 416944, 417432, 420416, 1036842, 1042084, 1047529, 1055019, 1075492, 1076168, 1078192, 1081931, 1083188, 1101166, 1102591, 1103785, 1104026, 1104893, 1106222, 1106642, 1106930, 1108935, 1109594, 1111526, 1111996, 1111997, 1112685, 1112869, 1113009, 1113011, 1113106, 1113972, 1118111, 1118130, 1118256, 1120717, 1120772, 1121383, 1121953, 1122942, 1123281, 1128003, 1129362, 1132315, 1132698, 1135106, 1135235, 1140282, 1142086, 1146575, 1146686, 1150273, 1153897, 1154745, 1156532, 1156760, 1158559, 1161188, 1161630, 1161911, 1163319, 1163799, 1164982, 1165113, 1167086, 1168551, 1168779, 1171586, 1172159, 1173107, 1174854, 1177725, 1178022, 1181231, 1181233, 1181235, 1181238, 1181318, 1181354, 1181598, 1181793, 1185526, 1185746, 1187487, 1189179, 1189180, 1189370, 1190775, 1190849, 1191343, 1191555, 1192197, 1192307, 1192396, 1192413, 1192472, 1193270, 1200083, 1202767, 1203176, 1203253, 1203283, 1203376, 1204014, 1204182, 1204187, 1204348, 1204435, 1204445, 1204502, 1204666, 1204986, 1205022, 1205390, 1205470, 1205554, 1207535, 1212124, 1212462, 1213944, 1214165, 1215159, 1257438, 1257586, 1257745, 1257749, 1258043, 1258308, 1258661, 1258720, 1258749, 1258831, 1258832, 1258881, 1259015, 1259032, 1259753, 1260291, 1260356, 1260454, 1260481, 1260836, 1260876, 1260940, 1261766, 1262589, 1263593, 1264777, 1268388, 1270439, 1279797, 1279829, 1279840, 1283120, 1283832, 1284143, 1284725, 1284887, 1284970, 1284975, 1285134, 1285215, 1285243, 1285247, 1292436, 1292614, 1292863, 1293428, 1299577, 1299619, 1300204, 1300287, 1300507, 1303904, 1304116, 1304121, 1304991, 1305044, 1313311, 1313828, 1314438, 1321602, 1321978, 1322119, 1322182, 1322346, 1322401, 1322423, 1322433, 1322441, 1322631, 1322677, 1322688, 1323194, 1323544, 1323591, 1323602, 1323647, 1323695, 1323783, 1325875, 1326482, 1327337, 1327342, 1328760, 1330263, 1330375, 1330668, 1330671, 1330672, 1330676, 1330677, 1330682, 1330683, 1330697, 1330706, 1330747, 1330759, 1330782, 1330792, 1330815, 1330975, 1331434, 1331636, 1331742, 1331810, 1331871, 1332108, 1332126, 1332210, 1332213, 1332347, 1332427, 1332472, 1332485, 1332762, 1349368, 1349466, 1349491, 1349779, 1350001, 1350159, 1350324, 1350325, 1350437, 1350832, 1353036, 1353287, 1353410, 1353996, 1360115, 1363702, 1363704, 1363812, 1364026, 1364139, 1364156, 1364159, 1364175, 1364203, 1364225, 1364322, 1364336, 1364973, 1365064, 1365559, 1365613, 1365713, 1366242, 1366347, 1374069, 1376137, 1376259, 1376348, 1377496, 1379816, 1380904, 1381930, 1382615, 1382801, 1383102, 1384586, 1385571, 1386594, 1386595, 1388928, 1396133, 1396448, 1398023, 1398155, 1399345, 1403876, 1403882, 1404203, 1404603, 1404862, 1406157, 1407568, 1409144, 1410338, 1419724, 1419731, 1419796, 1419813, 1419907, 1420312, 1420353, 1420358, 1421316, 1425215, 1427469, 1427557, 1427715, 1427759, 1438252, 1438376, 1438387, 1442973, 1443526, 1446218, 1453490, 1453566, 1454212, 1457140, 1457164, 1458102, 1466043, 1466591, 1467998, 1481975, 1483400, 1486096, 1486987, 1488011, 1517570, 1520133, 1523184, 1576679, 5000011, 5000012, 5000026, 5000150, 5000272, 5000300, 5000322, 5000412, 5000413, 5000415, 5000417, 5000418, 5000419, 5000421, 5000427, 5000430, 5000434, 5000436, 5000438, 5000439, 5000441, 5000444, 5000462, 5000569, 5000731, 5001000
3502;Educação Física (Licenciatura);19, 142, 396, 487, 635, 687, 754, 855, 1253, 1438, 1641, 1724, 2086, 2525, 2647, 3201, 3207, 3410, 3492, 3563, 3662, 3808, 4088, 4217, 4372, 4595, 5223, 5497, 5609, 5838, 6399, 6584, 6747, 6805, 6859, 6980, 6993, 7202, 7873, 7946, 8426, 8483, 9225, 9892, 9987, 10162, 10218, 10440, 10504, 10981, 10988, 11109, 11300, 11435, 11594, 11717, 12562, 12826, 12915, 12952, 13092, 13198, 13318, 13423, 13598, 13721, 13877, 14000, 14123, 14125, 14132, 14224, 15247, 15271, 15276, 15334, 15605, 15836, 15990, 16158, 16396, 16680, 17103, 18088, 18233, 18271, 18312, 18429, 18468, 18506, 18511, 18603, 18684, 18978, 19204, 19219, 19264, 19357, 19541, 19583, 19939, 19984, 20002, 20087, 20165, 20325, 20348, 20424, 20457, 20545, 20647, 20699, 20717, 20957, 20990, 20991, 20992, 20993, 21096, 21576, 21646, 21657, 21714, 21777, 21781, 21849, 21976, 22031, 24225, 38260, 38283, 38939, 38958, 39076, 39514, 42148, 42502, 43020, 43086, 43575, 44270, 44656, 44658, 44893, 45763, 46023, 46299, 46911, 47331, 47454, 47541, 47565, 48488, 48505, 49413, 49586, 49793, 49877, 50143, 50145, 50265, 51322, 51797, 51995, 52151, 52763, 54420, 55103, 56008, 56706, 57102, 58128, 58180, 58455, 59003, 59632, 59989, 59991, 60012, 60022, 60470, 60584, 60729, 62584, 63455, 63888, 64106, 64566, 64900, 65062, 65437, 66011, 66129, 66335, 66513, 66629, 67603, 68419, 68526, 69095, 70532, 70624, 70740, 71115, 71405, 71816, 72377, 72445, 72594, 72638, 72863, 73084, 73168, 73204, 73210, 73248, 73368, 73382, 73398, 73414, 73432, 73442, 73917, 74082, 74157, 74215, 74268, 74649, 75150, 75332, 75334, 75338, 75603, 76313, 76373, 76379, 76494, 76507, 76545, 76561, 79586, 79918, 79981, 80099, 80232, 80257, 80737, 81220, 81256, 82366, 83139, 83896, 83920, 83964, 84679, 84785, 84852, 85402, 85424, 86547, 87487, 87956, 88508, 88656, 88906, 88980, 89212, 89472, 89813, 90367, 90517, 90623, 90701, 90955, 91131, 91497, 91649, 91833, 91943, 92225, 92592, 92602, 93069, 94483, 95115, 95131, 96415, 96659, 96671, 97223, 97247, 98033, 98130, 98162, 98313, 98548, 98612, 98622, 99397, 99501, 99588, 99617, 100010, 100118, 100156, 100212, 100406, 100902, 101302, 101554, 101566, 101580, 101594, 101598, 101600, 101632, 101649, 101657, 101666, 101671, 101940, 101990, 102306, 102642, 103180, 103569, 104512, 104514, 104598, 105158, 105178, 105872, 106052, 107637, 107662, 107852, 109227, 109244, 109246, 109264, 111542, 111784, 111908, 112102, 112160, 112600, 112929, 113218, 115466, 115704, 115882, 116022, 116196, 116944, 117290, 117336, 117472, 117573, 117805, 118762, 118782, 118786, 120185, 120416, 120761, 121192, 121288, 121393, 121419, 122002, 122906, 123124, 123271, 123768, 123793, 150126, 150259, 150303, 312327, 1043745, 1052090, 1056358, 1057798, 1074296, 1081911, 1086316, 1086322, 1087352, 1087513, 1101114, 1101658, 1102627, 1102959, 1103856, 1104698, 1105208, 1106261, 1107084, 1107277, 1107745, 1108861, 1110583, 1112994, 1114569, 1116634, 1118283, 1126886, 1128498, 1128666, 1134079, 1135060, 1146775, 1148094, 1152585, 1153690, 1154947, 1155122, 1157263, 1158330, 1160165, 1161926, 1163839, 1168223, 1168569, 1170446, 1178533, 1179010, 1182977, 1183279, 1184190, 1185995, 1188396, 1188524, 1189391, 1190178, 1191427, 1192199, 1193750, 1193765, 1202407, 1203657, 1204036, 1204891, 1204917, 1206012, 1257920, 1257969, 1258319, 1259728, 1259775, 1259919, 1260519, 1260711, 1260720, 1260890, 1263588, 1263717, 1268023, 1268525, 1279604, 1280059, 1280357, 1283770, 1283889, 1284132, 1284138, 1285007, 1285244, 1292297, 1292751, 1300122, 1300180, 1300197, 1300209, 1303578, 1303583, 1303731, 1304783, 1305322, 1310491, 1313158, 1313167, 1313224, 1313310, 1314382, 1316021, 1321684, 1321702, 1322435, 1323193, 1327517, 1330251, 1330301, 1330380, 1332952, 1342710, 1343631, 1343825, 1349108, 1349165, 1349493, 1349727, 1350009, 1350090, 1350102, 1352403, 1357793, 1357825, 1364323, 1365148, 1365385, 1365545, 1365547, 1366206, 1375336, 1384575, 1388113, 1389351, 1396134, 1397028, 1398176, 1404041, 1404376, 1404408, 1410339, 1419681, 1420096, 1425187, 1425260, 1427415, 1427716, 1428316, 1439513, 1442128, 1445201, 1445378, 1445621, 1446680, 1457028, 1457113, 1465685, 1466433, 1481976, 1486099, 1486129, 1491609, 5000025, 5000031, 5000044, 5000139, 5000185, 5000242, 5000274, 5000316, 5000323, 5000350, 5000546, 5000570, 5000802, 5000934
4004;Ciência Da Computação (Bacharelado);36, 127, 317, 513, 594, 614, 703, 778, 865, 968, 1110, 1452, 1721, 1904, 2090, 2209, 2310, 2717, 3190, 3197, 3211, 3419, 3531, 3676, 3858, 3859, 3935, 4547, 4675, 5079, 5485, 5841, 6491, 6756, 7142, 7292, 7511, 8340, 9302, 9311, 10059, 10159, 10814, 11238, 11452, 11730, 12025, 12313, 12581, 12710, 12837, 12946, 13216, 13277, 13401, 13446, 13595, 13717, 13881, 13980, 14098, 14137, 14217, 14681, 15002, 15103, 15555, 15869, 17898, 17937, 18001, 18039, 18149, 18162, 18250, 18251, 18267, 18280, 18335, 18518, 18558, 18559, 18584, 18585, 18624, 18683, 18698, 18790, 18818, 18826, 18833, 18840, 18974, 19010, 19042, 19047, 19242, 19437, 19505, 19510, 19517, 19521, 19525, 19548, 19558, 19641, 19799, 19910, 19931, 20009, 20030, 20041, 20239, 20355, 20415, 20615, 20812, 20818, 20833, 20891, 20933, 20966, 21103, 21271, 21690, 22061, 22065, 37862, 38834, 39407, 41238, 42236, 43044, 43257, 43487, 43645, 43664, 44265, 46377, 46884, 46972, 47603, 48205, 50296, 50572, 50582, 50970, 52048, 52665, 53788, 54520, 54792, 55096, 57606, 57702, 58808, 59122, 62484, 64020, 64061, 64076, 64162, 65361, 65878, 65890, 66272, 66911, 67092, 68321, 69764, 69815, 69825, 72331, 73519, 75457, 82799, 83388, 85146, 85783, 87384, 88084, 88772, 88988, 89064, 90875, 90887, 91195, 91262, 92001, 92080, 92988, 94227, 94455, 95489, 96442, 96951, 98305, 98665, 98764, 98918, 98957, 101318, 101710, 101712, 101942, 101984, 102186, 103441, 104836, 105678, 105953, 106824, 106996, 107920, 109276, 110528, 110974, 110976, 111980, 112680, 112846, 112893, 114286, 114918, 116868, 117500, 117504, 118468, 119321, 120920, 122330, 122536, 122616, 150086, 318882, 1070485, 1102342, 1102628, 1102636, 1102783, 1102793, 1102800, 1110857, 1113854, 1134546, 1148708, 1152636, 1155950, 1159854, 1160123, 1161839, 1164656, 1165300, 1166783, 1167817, 1167859, 1169186, 1178662, 1181115, 1187671, 1190071, 1190145, 1190311, 1190440, 1191646, 1193782, 1205617, 1206881, 1257566, 1258024, 1258063, 1260196, 1260475, 1265146, 1265453, 1267543, 1269545, 1269969, 1269970, 1270472, 1270596, 1272079, 1279016, 1279527, 1280431, 1282899, 1288002, 1299927, 1300284, 1306689, 1312023, 1313042, 1313361, 1315444, 1322390, 1322665, 1323876, 1327439, 1331611, 1332183, 1341371, 1349140, 1376131, 1376347, 1377489, 1377509, 1378747, 1385488, 1385942, 1399128, 1403868, 1403879, 1404126, 1420185, 1420608, 1422296, 1427562, 1443998, 1457680, 1468729, 1473094, 1507450, 1533190, 1563271, 5000143, 5000154, 5000356, 5000385, 5000951
4005;Ciência Da Computação (Licenciatura);18032, 20109, 43917, 56196, 59659, 62880, 68065, 80916, 82615, 82654, 84705, 90677, 98984, 111198, 113671, 114053, 121464, 121564, 123224, 123336, 123502, 150102, 1102529, 1103664, 1103908, 1111794, 1117715, 1125808, 1125917, 1127560, 1127865, 1132188, 1142650, 1145037, 1150894, 1150932, 1166493, 1168390, 1181262, 1184491, 1186519, 1189581, 1193893, 1203266, 1259134, 1270221, 1270226, 1270681, 1279275, 1280435, 1305552, 1307356, 1313285, 1318223, 1332960, 1341251, 1343863, 1379294, 1382579, 1385714, 1399169, 1404959, 1487056, 5001162
4006;Sistemas de Informação;1261, 3193, 4963, 5238, 6847, 7301, 7523, 7839, 8913, 9414, 9425, 9440, 10515, 11554, 15127, 15262, 17077, 17886, 18285, 18384, 18387, 18671, 18686, 18903, 18930, 18933, 18957, 19360, 19508, 19595, 19881, 19990, 20065, 20130, 20178, 20361, 20466, 20469, 20477, 20512, 20588, 20709, 20756, 20985, 21017, 21018, 21295, 21353, 21446, 21464, 21600, 21727, 21979, 22012, 22017, 22035, 22047, 22070, 22110, 37303, 37788, 40343, 41242, 41266, 41710, 43485, 44016, 44650, 45096, 45850, 46017, 46112, 46892, 47051, 47069, 47113, 47478, 47505, 47535, 47630, 47834, 47874, 47941, 48169, 48393, 48437, 48675, 48677, 48679, 48950, 48993, 49054, 49071, 49343, 49485, 49613, 50082, 50229, 50250, 50298, 50364, 50752, 50754, 50758, 50760, 50981, 51020, 51022, 51050, 51139, 51180, 51233, 51279, 51307, 51527, 51603, 51888, 52210, 52809, 53331, 53333, 53342, 53520, 53535, 53592, 53898, 54172, 54538, 54934, 54961, 55402, 55777, 56172, 56726, 56757, 56766, 57174, 57178, 57279, 57458, 57466, 57504, 57612, 57820, 57900, 57906, 57984, 58006, 58498, 58928, 59001, 59060, 59109, 59523, 60406, 60428, 60430, 60462, 60464, 60560, 60644, 60708, 60743, 60886, 62382, 62538, 63556, 63732, 63768, 63770, 64276, 64278, 64288, 64664, 64754, 64776, 64877, 64972, 65409, 65440, 65614, 65863, 66234, 67299, 67601, 67785, 67934, 68375, 68597, 68930, 69853, 70520, 71255, 71305, 71407, 71851, 72623, 73062, 73140, 73898, 74586, 74737, 75266, 79349, 79355, 79930, 80073, 80779, 81210, 82364, 82748, 83294, 83710, 83894, 84425, 84653, 85640, 86318, 86326, 86972, 87195, 87396, 88068, 88180, 88258, 88380, 89012, 90030, 90428, 91017, 91067, 91181, 91431, 94762, 95017, 95175, 95506, 95706, 96855, 97089, 97443, 97637, 97778, 98013, 98595, 99406, 99820, 100654, 100684, 100816, 101558, 101700, 101830, 102590, 103062, 103806, 104360, 104498, 105728, 106134, 106167, 107360, 107422, 108016, 108660, 109476, 110428, 110926, 111278, 111476, 112086, 113124, 113293, 113455, 113687, 113813, 113937, 114616, 115374, 115582, 115728, 116066, 116432, 116770, 116870, 117022, 117532, 118002, 118336, 118420, 118994, 120018, 120385, 120430, 120932, 121189, 121636, 121794, 122845, 123429, 150268, 362880, 1032473, 1042278, 1047907, 1050053, 1055545, 1057622, 1060033, 1098645, 1101244, 1102674, 1102774, 1103034, 1103723, 1105434, 1106427, 1108692, 1113582, 1113852, 1113886, 1116093, 1116224, 1116226, 1117717, 1117890, 1118057, 1118298, 1119382, 1122221, 1126898, 1127925, 1128077, 1128364, 1132918, 1134235, 1136142, 1137717, 1139692, 1152849, 1161428, 1161716, 1167288, 1167356, 1180773, 1181327, 1184949, 1185556, 1186930, 1188468, 1191018, 1191217, 1191221, 1191224, 1191268, 1203177, 1203424, 1204325, 1204896, 1205761, 1214055, 1214936, 1215466, 1258654, 1258851, 1258875, 1259035, 1260352, 1260461, 1261089, 1266540, 1270538, 1270680, 1272012, 1279023, 1279551, 1283028, 1283779, 1286732, 1288839, 1292727, 1292900, 1300429, 1304525, 1308208, 1310955, 1313407, 1314243, 1318224, 1322118, 1328954, 1330347, 1330352, 1330896, 1342408, 1351760, 1359807, 1364849, 1376000, 1376181, 1379275, 1379289, 1382664, 1382883, 1403526, 1404230, 1404253, 1405629, 1420092, 1427745, 1451148, 1452880, 1458089, 1458091, 1473699, 1473710, 1486128, 1514196, 1524514, 1563272, 5000135, 5000201, 5000578, 5001006
4301;Música (Licenciatura);133, 780, 1444, 1750, 2194, 11779, 12977, 13293, 13604, 15790, 18395, 21158, 21604, 24864, 28042, 30053, 31675, 31979, 33176, 41072, 41135, 45068, 47621, 52963, 55026, 59103, 60845, 60847, 62486, 63890, 65938, 70538, 72419, 81283, 83945, 84398, 85786, 86712, 90977, 91051, 92175, 92200, 92595, 94331, 94595, 94758, 95043, 95462, 96675, 97039, 99425, 100021, 100024, 105438, 105572, 106880, 109343, 112164, 114950, 116218, 118630, 122220, 122594, 122892, 123553, 150097, 150099, 1073438, 1100369, 1105124, 1105328, 1107278, 1110646, 1111226, 1113067, 1114875, 1137487, 1147330, 1153094, 1156287, 1158384, 1160847, 1168164, 1190335, 1192191, 1212035, 1259131, 1260543, 1278855, 1279666, 1349405, 1350288, 1354319, 1363754, 1425255, 1446972, 1468267, 5001292
5401;Ciências Sociais (Bacharelado);318, 407, 498, 630, 11224, 11544, 13223, 13459, 13575, 14513, 18881, 21544, 24668, 24868, 26129, 26911, 29692, 33204, 34983, 36013, 38231, 45008, 63873, 69747, 83914, 87582, 95731, 105580, 113739, 114989, 117492, 300774, 301638, 301894, 302217, 303130, 303167, 303567, 307827, 310859, 311322, 311450, 311992, 312558, 312686, 312838, 312949, 313087, 313436, 313982, 314221, 314348, 318380, 320574, 321624, 357162, 385458, 401241, 401274, 416834, 416922, 417114, 1079286, 1103742, 1108032, 1112946, 1113220, 1166897, 1191238, 1265863, 1284614, 1295548, 1316022, 1322709
5402;Ciências Sociais (Licenciatura);774, 1224, 1638, 1894, 2217, 3130, 3167, 3567, 3670, 8057, 10859, 11322, 11450, 11992, 12082, 12315, 12558, 12686, 12838, 12949, 13087, 13304, 13436, 13982, 14221, 14348, 18380, 20574, 20763, 21624, 21847, 44418, 45009, 47358, 47364, 79944, 85458, 87583, 100744, 101241, 101274, 101772, 103340, 107487, 110742, 112656, 113050, 113743, 114002, 116834, 116922, 117114, 121702, 121796, 123588, 123729, 150311, 417492, 1103701, 1105815, 1106595, 1108041, 1110230, 1112200, 1146486, 1152593, 1166899, 1167962, 1174683, 1185330, 1185666, 1191222, 1214129, 1214163, 1257430, 1258527, 1262435, 1264887, 1268044, 1268562, 1272864, 1278733, 1286560, 1292695, 1298974, 1300004, 1300456, 1332837, 1343342, 1378875, 1382663, 1385373, 1388352, 1457112, 5000407, 5000408, 5000556
6407;Letras-Inglês (Licenciatura);15415, 16592, 16678, 18565, 20941, 22173, 22380, 22514, 22519, 22597, 22658, 22678, 22947, 23777, 24498, 25784, 25864, 25926, 27554, 27733, 28132, 28323, 28989, 29475, 29680, 29693, 29730, 30397, 30537, 30580, 31150, 31190, 31221, 31266, 31506, 32142, 32877, 33596, 34009, 34277, 34669, 35074, 38161, 39212, 40717, 43781, 44977, 45304, 45753, 45988, 46846, 48738, 49848, 51230, 51477, 51941, 56026, 56030, 59115, 66274, 69626, 69638, 74927, 80886, 82810, 83005, 83039, 83052, 83156, 83210, 83280, 84985, 86446, 95400, 95652, 99014, 101054, 103358, 103393, 106096, 107549, 110996, 111795, 112332, 112350, 113172, 113880, 113974, 114346, 114847, 114875, 114877, 115846, 116576, 119048, 119074, 122114, 1100602, 1113579, 1128911, 1150592, 1151252, 1156745, 1158907, 1162185, 1183559, 1185844, 1186923, 1203135, 1261910, 1270672, 1281070, 1321268, 1330539, 1341352, 1363693, 1363800, 1385360, 1404232, 1404324, 1421414, 1422076, 1427730, 1457676, 1496243, 1518042, 5001385
6409;Tecnologia em Gestão da Tecnologia da Informação;2388, 16939, 56270, 63598, 65687, 67380, 68773, 70259, 72065, 72259, 75012, 75288, 75921, 76851, 76937, 77098, 77134, 79640, 94387, 97145, 97253, 97346, 99230, 101428, 101757, 102626, 105390, 106248, 107962, 107964, 108786, 110038, 110172, 110442, 114195, 115197, 115902, 118368, 119592, 119964, 122866, 123803, 1059802, 1101105, 1103821, 1105676, 1105981, 1106607, 1107664, 1111849, 1112324, 1116731, 1119481, 1122726, 1127932, 1131979, 1132278, 1134421, 1135068, 1135069, 1135070, 1135071, 1135072, 1139020, 1149718, 1150286, 1150397, 1151691, 1153353, 1153434, 1156898, 1157851, 1161236, 1166894, 1170124, 1170140, 1170480, 1177853, 1180789, 1180796, 1180799, 1184070, 1184727, 1203116, 1203333, 1204396, 1204641, 1205130, 1205714, 1210192, 1214121, 1257511, 1257521, 1258298, 1258310, 1258541, 1258963, 1259168, 1260026, 1261584, 1263622, 1268566, 1269975, 1271935, 1278856, 1279554, 1284534, 1285818, 1286381, 1288703, 1296032, 1314139, 1314227, 1315314, 1315442, 1321347, 1332356, 1354147, 1365445, 1371335, 1379280, 1382886, 1387437, 1388165, 1388279, 1396153, 1404219, 1419546, 1419765, 1420282, 1420299, 1427323, 1427414, 1429882, 1429948, 1430609, 1431913, 1442581, 1452641, 1452878, 1453376, 1454404, 1454405, 1454852, 1457491, 1457691, 1465703, 1474142, 1485386, 1487062, 1496476, 1513683, 1517024, 1519064, 1521385, 1525774, 5000015, 5000454, 5001434
